{
  "rf_rmse": 20.128781833085718,
  "rf_mae": 11.284515428083111,
  "rf_r2": 0.9514234800292505,
  "xgb_rmse": 19.86033409804155,
  "xgb_mae": 11.293803894768315,
  "xgb_r2": 0.9527105227426392
}